"id","name","quantity","zoneId"
5,S6DA12.5B1,0,5
6,S6DA150BO,0,5
7,S6DA18B1,0,5
8,S6DA30B1,0,5
9,S6DA90B1,0,5
10,S6DA3B1,0,5
11,S6DA3B,0,6
12,S6DA3.6B,0,6
13,S6DA5B,0,6
14,S6DA6B,0,6
15,S6DA7.5B,0,6
16,S6DA9B,0,6
17,S6DA10B,0,6
18,S6DA12.5B,0,7
19,S6DA15B,0,7
20,S6DA18B,0,7
21,S6DA20B,0,7
22,S6DA25B,0,7
23,S6DA30B,0,7
24,S6DA36B,0,7
25,S6DA40B,0,8
26,S6DA50B,0,8
27,S6DA60B,0,8
28,S6DA75B,0,8
29,S6DA90B ,0,8
30,S6DA100B,0,9
31,S6DA120B,0,9
32,S6DA150B,0,9
33,S6DA180B,0,9
34,S6DA200B,0,9
35,S6DA250B ,0,9
36,콘덴샤,0,10
37,S6DT15B,0,11
38,S6DT18B,0,11
39,S6DT36B,0,11
40,S6DT60B,0,11
41,S6DT250B,0,11
42,S6SA3B,0,11
43,S6SA3.6B,0,11
44,S6SA6B,0,11
45,S6SA9B,0,11
46,S6SA15B,0,11
47,S6SA25B,0,11
48,S6SA100B,0,11
49,S6SA120B,0,11
50,S6SA150B,0,11
51,S6SA200B,0,11
52,S6GX10B,0,11
53,S6KA15B,0,11
54,S6KA18B,0,11
55,S6KA20B,0,11
56,S6KA25B,0,11
57,S6KA30B,0,11
58,S6KA36B,0,11
59,S6KA40B,0,11
60,S6KA50B,0,11
61,S6KA60B,0,11
62,S6KA75B,0,11
63,S6KA90B,0,11
64,S6KA100B,0,11
65,S6KA120B,0,11
66,S6KA150B,0,11
67,S6KA180B,0,11
68,S6KA200B,0,11
69,S6KA250B,0,11
70,S7KA3B,0,12
71,S7KA3.6B,0,12
72,S7KA5B,0,12
73,S7KA6B,0,12
74,S7KA7.5B,0,12
75,S7KA9B,0,12
76,S7KA10B,0,12
77,S7KA12.5B,0,12
78,S7KA15B,0,12
79,S7KA18B,0,12
80,S7KA20B,0,13
81,S7KA25B,0,13
82,S7KA30B,0,13
83,S7KA36B,0,13
84,S7KA40B,0,13
85,S7KA50B,0,13
86,S7KA60B,0,13
87,S7KA75B,0,13
88,S7KA90B,0,14
89,S7KA100B,0,14
90,S7KA120B,0,14
91,S7KA150B,0,14
92,S7KA180B,0,14
93,S7KA200B,0,14
94,S7KA75B1,0,15
95,S7KA30B1,0,15
96,S7KA200B1,0,15
97,S7KA12.5B1,0,15
98,S7KA60B1,0,15
99,S7SA10B,0,15
100,S7DA5B,0,15
101,S7DA7.5B,0,15
102,S7DA9B,0,15
103,S7DA10B,0,15
104,S7DA12.5B,0,15
105,S7DA15B,0,15
106,S7DA25B,0,15
107,S7DA30B,0,15
108,S7DA40B,0,15
109,S7DA50B,0,15
110,S7DA60B,0,15
111,S7DA100B,0,15
112,S7DA120B,0,15
113,S7DA180B,0,15
114,S7DA200B,0,15
115,S7KA120B1,0,16
116,S7DA15B,0,16
117,S7DA5B,0,16
118,S7DA50B,0,16
119,S7DA120B,0,16
120,S7KA30B1,0,16
121,S7GX10B,0,16
122,S7DA20B,0,16
123,S7DA180B,0,16
124,S7DA18B,0,16
125,S8DA10B1,0,17
126,S8KA15B1,0,17
127,S8KA25B1,0,17
128,S8KA30B1,0,17
129,S8KA36B1,0,17
130,S8KA60B1,0,17
131,S8KA75B1,0,17
132,S8KA100B1,0,17
133,S8KA120B1,0,17
134,S8KA180B1,0,17
135,S8KA5B1,0,17
136,S8KA50BO,0,17
137,S8KA150BO,0,17
138,S8KA250B-J30,0,17
139,S8DA3B,0,18
140,S8DA5B,0,18
141,S8DA6B,0,18
142,S8DA7.5B,0,18
143,S8DA9B,0,18
144,S8DA10B1,0,18
145,S8DA12.5B,0,18
146,S8DA15B,0,18
147,S8DA18B,0,18
148,S8DA20B,0,18
149,S8DA25B,0,18
150,S8DA30B,0,18
151,S8DA36B,0,18
152,S8DA50B,0,18
153,S8DA60B,0,18
154,S8DA75B,0,18
155,S8DA90B,0,18
156,S8DA100B,0,18
157,S8DA120B,0,18
158,S8DA150B,0,18
159,S8DA180B,0,18
160,S8DA200B,0,18
161,S8SA3B,0,18
162,S8SA3.6B,0,18
163,S8SA9B,0,18
164,S8SA10B,0,18
165,S8SA50B,0,18
166,S8SA60B,0,18
167,S8SA75B,0,18
168,S8SA180B,0,18
169,S8SA200B,0,18
170,S8GX10B,0,18
171,S8KA3B,0,19
172,S8KA3.6B,0,19
173,S8KA5B,0,19
174,S8KA6B,0,19
175,S8KA7.5B,0,19
176,S8KA9B,0,20
177,S8KA10B,0,20
178,S8KA12.5B,0,20
179,S8KA15B,0,20
180,S8KA18B ,0,20
181,S8KA20B,0,21
182,S8KA25B,0,21
183,S8KA30B ,0,21
184,S8KA36B ,0,21
185,S8KA40B,0,21
186,S8KA50B ,0,21
187,S8KA60B ,0,21
188,S8KA75B ,0,22
189,S8KA90B,0,22
190,S8KA100B,0,22
191,S8KA120B ,0,22
192,S8KA150B ,0,22
193,S8KA180B ,0,22
194,S8KA200B,0,22
195,S9DB5BH,0,23
196,S9DB10BH,0,23
197,S9DB18BH,0,23
198,S9DB20BH,0,23
199,S9DB30BH,0,23
200,S9DB50BH,0,23
201,S9DB200BH,0,23
202,S9SB25BH,0,23
203,S9KB30B1H,0,23
204,S9KB120B1H,0,23
205,S9KB5B1L,0,23
206,S9KB3BH,0,24
207,S9KB3.6BH,0,24
208,S9KB5BH,0,24
209,S9KB6BH,0,24
210,S9KB7.5BH,0,24
211,S9KB9BH,0,24
212,S9KB10BH,0,25
213,S9KB12.5BH,0,25
214,S9KB15BH,0,25
215,"9KB18BH",0,25
216,S9KB20BH,0,25
217,S9KB25BH,0,25
218,S9KB30BH,0,25
219,S9KB36BH,0,26
220,S9KB40BH,0,26
221,S9KB50BH,0,26
222,S9KB50BH,0,26
223,S9KB60BH,0,26
224,S9KB75BH,0,26
225,S9KB90BH,0,27
226,S9KB100BH,0,27
227,S9KB120BH,0,27
228,S9KB150BH,0,27
229,S9KB180BH,0,27
230,S9KB200BH,0,27
231,S9KH3B,0,28
232,S9KH3.6B,0,28
233,S9KH5B,0,28
234,S9KH6B,0,28
235,S9KH7.5B,0,28
236,S9KH9B,0,28
237,S9KH10B,0,28
238,S9KH12.5B,0,28
239,S9SH7.5B,0,29
240,S9SH25B,0,29
241,S9KH15B,0,30
242,S9KH18B,0,30
243,S9KH20B,0,30
244,S9KH25B,0,30
245,S9KH30B,0,30
246,S9KH36B,0,30
247,S9KH40B,0,30
248,S9KH50B,0,31
249,S9KH60B,0,31
250,S9KH75B,0,31
251,S9KH90B,0,31
252,S9KH100B,0,31
253,S9KH120B,0,31
254,S9KH150B,0,31
255,S9KH180B,0,31
256,S9KH200B,0,31
257,S9KC60BL,0,32
258,S9KC3BH,0,33
259,S9KC3.6BH,0,33
260,S9KC5BH,0,33
261,S9KC6BH,0,33
262,S9KC7.5BH,0,33
263,S9KC9BH,0,33
264,S9KC10BH,0,33
265,S9KC12.5BH,0,33
266,S9KC15BH,0,34
267,S9KC18BH,0,34
268,S9KC20BH,0,34
269,S9KC25BH,0,34
270,S9KC30BH,0,34
271,S9KC36BH,0,34
272,S9KC40BH,0,34
273,S9KC50BH,0,35
274,S9KC60BH,0,35
275,S9KC75BH,0,35
276,S9KC90BH,0,35
277,S9KC100BH,0,35
278,S9KC120BH,0,35
279,S9KC150BH,0,35
280,S9DC100BH,0,35
281,S9SC18BH,0,35
282,S9SC10BH,0,35
283,S9SC30BH,0,35
284,S9SC20BH,0,35
285,S9KC180BH,0,36
286,S9KC200BH,0,36
287,S9KC200BH-A448,0,36
288,S9KC5BH,0,36
289,S9KC3BH-S,0,37
290,S9KC3.6BH-S,0,37
291,S9KC5BH-S,0,37
292,S9KC6BH-S,0,37
293,S9KC7.5BH-S,0,37
294,S9KC9BH-S,0,37
295,S9KC10BH-S,0,37
296,S9KC12.5BH-S,0,38
297,S9KC15BH-S,0,38
298,S9KC18BH-S,0,38
299,S9KC20BH-S,0,38
300,S9KC25BH-S,0,38
301,S9KC30BH-S,0,38
302,S9KC36BH-S,0,38
303,S9KC40BH-S,0,38
304,S9KC50BH-S,0,39
305,S9KC60BH-S,0,39
306,S9KC75BH-S,0,39
307,S9KC90BH-S,0,39
308,S9KC100BH-S,0,39
309,S9KC120BH-S,0,39
310,S9KC150BH-S,0,39
311,S9KC180BH-S,0,39
312,S9KC200BH-S,0,39
313,S9GX10BH,0,40
314,S9GX10BH-S,0,40
315,S9MX10BH-S,0,40
316,S9KX10BH-S(R49),0,40
317,S9KD3B,0,41
318,S9KD3.6B,0,41
319,S9KD5B,0,41
320,S9KD6B,0,41
321,S9KD7.5B,0,41
322,S9KD9B,0,41
323,S9KD10B,0,41
324,S9KD12.5B,0,41
325,S9KD15B,0,41
326,S9KD18B,0,41
327,S9KD20B,0,42
328,S9KD25B,0,42
329,S9KD30B,0,42
330,S9KD36B,0,42
331,S9KD40B,0,42
332,S9KD50B,0,43
333,S9KD60B,0,43
334,S9KD75B,0,43
335,S9KD90B,0,43
336,S9KD100B,0,43
337,S9KD120B,0,43
338,S9KD150B,0,43
339,S9KD180B,0,43
340,S9KD200B,0,43
341,SS-0113A,0,44
342,DAP-8328WDA,0,44
343,DAG-83354153K,0,44
344,US540-402E,0,44
345,DAP-83222DYA,0,44
346,DAP-83222DYA-1,0,44
347,DAP83282WDA,0,44
348,GGMN 2400,0,44
349,CS-0590B,0,44
350,CS-0720B-CSE,0,44
351,DAP-6402DSEA-1,0,45
352,CS-0720B-CSE,0,45
353,DAP-83222DYA,0,45
354,DAP-83222DYA-1,0,45
355,GGMN 2400,0,45
356,KGB-057-6130BD,0,46
357,NMRV 030 1/80(CH),0,46
358,KGB-075-6140B2,0,46
359,KGB-036-6130AD,0,46
360,콘덴서 250 2.2 (캔),0,46
361,콘덴서 230 25,0,46
362,KGB-015-6140A2,0,46
363,KGB-131-6140A2,0,46
364,KGB-021-6140B2,0,46
365,KGB-086-6140BD,0,46
366,GGMN 2400,0,46
367,GP4-1217-IZA,0,46
368,CS-0590A-1,0,46
369,FF-130SH-14230,0,46
370,RF-370CH-19160,0,46
371,"22H220E041",0,46
372,APP 08-001,0,46
373,KGS-030-5030A2,0,46
374,KGS-005-5030AD,0,46
375,FF-180SH-07530,0,46
376,KGS-040-5030AD,0,46
377,S6I06GB-T,0,47
378,S7I15DB-T,0,47
379,S6I06DA-T,0,47
380,S6I06DB-T,0,47
381,S6I06GX-TCE,0,47
382,S6I06GB-TCE,0,47
383,S7I15GB-T,0,47
384,S7I15GX-TCE,0,47
385,S7I15GT-T,0,47
386,S8I25GB-T,0,47
387,S8I25GS-T,0,47
388,S8I25GS-TCE,0,48
389,S8I25GX-TCE,0,48
390,S8I15GX-TCE,0,48
391,S8I25GU-T,0,48
392,S8I25GA-T,0,48
393,S8I25GT-T,0,48
394,S8I25GT-TCE,0,48
395,S8I25DT-T,0,48
396,S9I40GSL-TCE,0,48
397,S9I40GTH-TCE,0,48
398,S9I40GSH-TCE,0,48
399,S9I40DT-T,0,48
400,S9I40GTH-T,0,48
401,S9I40GBH-T,0,48
402,S9I40KT-T,0,48
403,S9I40GBL-T,0,48
404,S9I40GXH-TCE,0,48
405,S9I90GBH-T,0,49
406,S9I90GTH-T,0,49
407,S9I90KA-T,0,49
408,S9I90GTH-T(J81),0,49
409,S9I90GSH-TCE,0,49
410,S9I90GTH-TCE,0,49
411,S9I90GAH-T,0,49
412,S9I90KT-T,0,49
413,S9I90KS-TCE,0,49
414,S9I90GUH-T,0,49
415,S9I90DT-T,0,49
416,S9I90WS-TCE,0,49
417,S9I90KB-T,0,49
418,S9I90DS-TCE,0,49
419,S9I90MS-TCE,0,49
420,S9I90MT-T,0,49
421,S9I90GXH-TCE,0,49
422,S9I150GT-T,0,49
423,"9I150WT-T",0,49
424,S9I150GT-TCE,0,49
425,S9I150MT-T,0,49
426,S9I150KT-T,0,49
427,S9I90GSH-TECE,0,49
428,S9I90GTH-TE,0,49
429,S10I200KT-T,0,50
430,S9I90GTH-TCE,0,50
431,S9I90GSH-TCE,0,50
432,S9I200MT-T,0,50
433,S9I200DT-T,0,50
434,S9I180KS-TCE,0,50
435,S9I90GXH-TCE,0,50
436,S9I90WS-TCE,0,50
437,S9I90KX-TCE,0,50
438,S9I90KA-T,0,50
439,S9I90MS-TCE,0,50
440,S9I90MT-T,0,50
441,S9I90KT-T,0,50
442,S9I90GSH-TE,0,50
443,S9I60GTH-TE,0,50
444,S9I150GT-TE,0,50
445,S9I90GTH-TE,0,50
446,S9I60GSH-TE,0,50
447,S9I90GTH-T(J81),0,50
448,S9I90GSH-TECE,0,50
449,S9I90200GT-TE(P50),0,50
450,S9I150GS-TE,0,50
451,S8I25GT-TE,0,50
452,SM-1626E,0,51
453,MP-625,0,51
454,SV-11AMD-#,0,51
455,RS-555SA-23111,0,51
456,SSA-2402,0,51
457,DL-88412 TYRA,0,51
458,BL4264엠닉스샘플,0,51
459,SV-115070-#,0,51
460,"2S56Q-05742S1",0,51
461,DGO-3524DSD,0,51
462,KM3429,0,51
463,동아기전 샘플,0,51
464,DVL-0SA041-01,0,51
465,엠비엠텍,0,51
466,S6R06GA-T,0,52
467,S6R06GB-T,0,52
468,S6R06DB-T,0,52
469,S6R06GX-TCE,0,52
470,S7R15GA-T,0,52
471,S7R15GB-T,0,52
472,S7R15GD-T,0,52
473,S7R15GA-CE,0,52
474,S7R15GX-TCE,0,52
475,S9I60GBH-T,0,53
476,S9I60GAH-T,0,53
477,S9I60KB-T,0,53
478,S9I60DS-T,0,53
479,S9I60KA-T,0,53
480,S9I60GTH-T,0,53
481,S9I60GTH-TCE,0,53
482,S9I60GBL-T,0,53
483,S9I60DB-T,0,53
484,S9I60GTH-T(J86),0,53
485,S9I60DT-T,0,53
486,S9I60KT-T,0,53
487,S9I60GXH-TCE,0,53
488,S9I150KS-TCE,0,53
489,S9I150MT-T,0,53
490,S9I150KT-T,0,53
491,S9I60KS-TCE,0,53
492,S9I150GT-T,0,54
493,S9I150GS-TCE,0,54
494,S9I90GSH-TCE,0,54
495,S9I40GSH-TECE,0,54
496,S9I180GS-TCE,0,54
497,S10I200DT-T,0,54
498,S10I200KB-T,0,54
499,S9I200GT-T(J87),0,54
500,S9I180GB-T(M99),0,54
501,S9I40GTH-TE,0,54
502,S9I40GSH-TE,0,54
503,S9I200GS-TE,0,54
504,S9I200GT-TE,0,54
505,S9I200GS-T(M58),0,54
506,S9I200KT-T(Q56),0,54
507,S9I200GT-T(J99),0,54
508,S8R25GA-T,0,55
509,S8R25GB-T,0,55
510,S9R40GBH-T,0,55
511,S9R40GBH-TCE,0,55
512,S9R40GXH-TCE,0,55
513,S9R40GBL-T,0,55
514,S9R60KA-T,0,56
515,S9R60MB-T,0,56
516,S9R60GBH-T,0,56
517,S9R60KB-T,0,56
518,S9R60GAH-TCE,0,56
519,S9R60MX-TCE,0,56
520,S9R60KX-TCE,0,56
521,S9R60GXH-TCE,0,56
522,S9R60GBH-T(TP),0,56
523,S9R60GDH-TCE,0,56
524,S9R60GBL-T,0,56
525,S9R60GEH-TE,0,56
526,S9R90GXH-TE,0,56
527,S9R90GBH-TE,0,56
528,S9R90GDH-TCE,0,56
529,S9R90GBH-T,0,56
530,S9R90KB-T,0,56
531,S9R90GDH-T,0,56
532,S9R90GAH-T,0,56
533,S9R90GXH-TCE,0,56
534,S9R90GBH-T(TP),0,56
535,S6D15-24A,0,57
536,S6D15-12A,0,57
537,S6D10-24D,0,58
538,S6D30-90D,0,58
539,S6D15-24A(OC72),0,58
540,S6D15-90D,0,58
541,S6D06-12D,0,58
542,S6D06-12A,0,58
543,S6D06-24D,0,58
544,S6D06-24A,0,58
545,S6D06-90A,0,58
546,S6D10-24A,0,59
547,S6D15-12D,0,59
548,S6D15-24A,0,59
549,S6D15-90A,0,59
550,S6D15-24D,0,59
551,S6D10-12A,0,59
552,S6D10-24A,0,59
553,S6D10-90A,0,59
554,S6D10-24D,0,59
555,S8D25-12A,0,60
556,S8D25-24A,0,60
557,S8D25-90A,0,60
558,S8D25-24D,0,60
559,S8D25-90A(OA67),0,60
560,S8D40-90D,0,61
561,S8D40-90A,0,61
562,S8D40-24A,0,61
563,S8D40-24D,0,61
564,S8D40-24A(OB85),0,61
565,S8D40-12A,0,62
566,S8D40-12D,0,62
567,XBM620G,0,63
568,XWM990G,0,63
569,XWM940G,0,63
570,XBM840G,0,63
571,XBM620D,0,63
572,XWM990K,0,63
573,XBM9120G,0,63
574,XFM9100G,0,63
575,XBM840D,0,63
576,XBM975G,0,63
577,XWM610G,0,63
578,XWM825G,0,63
579,XBM840D,0,64
580,XBM620G,0,64
581,XWM610D,0,64
582,XWM620D,0,64
583,XWM990K,0,64
584,XWM610G,0,64
585,XBD40B,0,64
586,XBD20B,0,64
587,XBD40A,0,64
588,XBD40U,0,64
589,XWD10B,0,64
590,XBD75U,0,64
591,XBD150B,0,64
592,XBD150U,0,64
593,XBD90B,0,64
594,XBD120B,0,64
595,XWD25B,0,64
596,XBD120U,0,64
597,XTG9200K,0,65
598,XTG9100K,0,65
599,S10KV150,0,65
600,S10KV90,0,65
601,S10KV90,0,65
602,S10KV75,0,65
603,S10KV15,0,65
604,S10KV6,0,65
605,XTG615K,0,65
606,XTG610K,0,65
607,XTG650K,0,65
608,XTG630K,0,65
609,XTG65K,0,65
610,XTG6200K,0,65
611,XTG6100K,0,65
612,XTG850K,0,65
613,XTG830K,0,65
614,XTG815K,0,65
615,XTG85K,0,65
616,XTG820K,0,65
617,XTG8100K,0,65
618,XTG960K,0,65
619,XTG950K,0,65
620,XTG920K,0,65
621,XTG915K,0,65
622,XTG910K,0,65
623,XTG95K,0,65
624,XTG105K,0,65
625,XTG1020K,0,65
626,XTG10200K,0,65
627,XBM9120G,0,65
628,XBM9150G,0,65
629,XBM9120D,0,65
630,XFM9100G,0,65
631,XBM10200G,0,65
632,XWM990D,0,65
633,XEU825GB,0,66
634,XTM610GB,0,66
635,XEU940GB,0,66
636,XEU990GB,0,66
637,XFD100,0,66
638,XTM825GB,0,66
639,XTM940GB,0,66
640,XED40B,0,66
641,XEU610GB,0,66
642,XEM940G,0,66
643,XED10B,0,66
644,XED90B,0,66
645,S10KV180,0,66
646,XTG1020K,0,66
647,XBM10200G,0,66
648,XBM10400G,0,66
649,XWD40B,0,66
650,XBD20B,0,66
651,XBD20U,0,66
652,XBD75B,0,66
653,XBD120B,0,66
654,XBD150B,0,66
655,S9I180DB-V12,0,67
656,S9I180DB-V12CE,0,67
657,S9I180GB-V12(T/P),0,67
658,S9I180KB-V12,0,67
659,S9I180KB-V12(T/P),0,67
660,S9I180MB-V12,0,67
661,S9I180SB-V12,0,67
662,S9I180WB-V12,0,67
663,XTG9100K,0,68
664,XTG930K,0,68
665,S7I12DB-V12,0,69
666,S7I12DX-V12CE,0,69
667,S7I15GA-V12,0,69
668,S7I15GA-V12CE,0,69
669,S7I15GB-V12CE,0,69
670,S7I15GC-V12,0,69
671,S7I15GD-V12,0,69
672,S7I15GD-V12CE,0,69
673,S7I15GX-V12CE,0,69
674,S9I40DB-V12,0,70
675,S9I40DB-V12CE,0,70
676,S9I40DD-V12,0,70
677,S9I40DX-V12CE,0,70
678,S9I40GAH-V12,0,70
679,S9I40GBH-V12CE,0,70
680,S9I40GCH-V12,0,70
681,S9I40GDH-V12,0,70
682,S9I40GDH-V12CE,0,70
683,S9I40GEH-V12,0,70
684,S9I40GXH-V12CE,0,70
685,S9I40GXL-V12,0,70
686,S9I40KB-V12,0,70
687,S9I40MB-V12,0,70
688,S9I90DB-V12,0,71
689,S9I90DD-V12,0,71
690,S9I90DX-V12CE,0,71
691,S9I90GAH-V12,0,71
692,S9I90GAL-V12,0,71
693,S9I90GBH-V12CE,0,71
694,S9I90GCH-V12,0,71
695,S9I90GDH-V12,0,71
696,S9I90GDH-V12CE,0,71
697,S9I90GXH-V12CE,0,71
698,S9I90KA-V12,0,71
699,S9I90KB-V12,0,71
700,S9I90KX-V12CE,0,71
701,S9I90MB-V12,0,71
702,S6I06DA-V12,0,72
703,S6I06DB-V12,0,72
704,S6I06DB-V12CE,0,72
705,S6I06DD-V12,0,72
706,S6I06DX-V12CE,0,72
707,S6I06GA-V12,0,72
708,S6I06GA-V12CE,0,72
709,S6I06GB-V12CE,0,72
710,S6I06GC-V12,0,72
711,S6I06GC-V12CE,0,72
712,S6I06GD-V12,0,72
713,S6I06GD-V12CE,0,72
714,S6I06GX-V12CE,0,72
715,S6I06SB-V12CE,0,72
716,S8I15DB-V12,0,73
717,S8I15GB-V12,0,73
718,S8I25DB-V12,0,73
719,S8I25DD-V12,0,73
720,S8I25DX-V12CE,0,73
721,S8I25GA-V12,0,73
722,S8I25GB-V12CE,0,73
723,S8I25GC-V12,0,73
724,S8I25GC-V12CE,0,73
725,S8I25GD-V12,0,73
726,S8I25GD-V12CE,0,73
727,S8I25GX-V12CE,0,73
728,S8I25KB-V12,0,73
729,S9I60DB-V12,0,74
730,S9I60DB-V12(T/P),0,74
731,S9I60DX-V12CE,0,74
732,S9I60GAH-V12,0,74
733,S9I60GAH-V12CE,0,74
734,S9I60GAL-V12,0,74
735,S9I60GBH-V12CE,0,74
736,S9I60GDH-V12,0,74
737,S9I60GDL-V12,0,74
738,S9I60GEH-V12,0,74
739,S9I60GXH-V12CE,0,74
740,S9I60KB-V12,0,74
741,S9I60KX-V12CE,0,74
742,S9I60MB-V12,0,74
743,S9I60MX-V12CE,0,74
744,S9D250-90CH(OA97),0,75
745,S9D300-24HH,0,76
746,S9D300-24HH(OC55),0,76
747,S9D300-24D,0,76
748,S9D300-24CH,0,76
749,S9D300-24K,0,76
750,S9D300-24HH(OC55),0,77
751,S9D300-90HH,0,77
752,S9D300-90K,0,77
753,S9D300-90CH,0,77
754,S9D300-180CH,0,77
755,S9D300-90D,0,77
756,"29D120-24CH",0,78
757,S9D120-12K,0,78
758,S9D120-24D,0,78
759,S9D120-24K,0,78
760,S9D120-90BH(OF79),0,78
761,S9D120-90CH,0,78
762,S9D120-90D,0,78
763,S9D150-12CH,0,79
764,S9D150-24CH,0,79
765,S9D200-12D,0,79
766,S9D200-24CH,0,79
767,S9D200-24D,0,79
768,S9D250-90CH(OA97),0,79
769,S9D200-24CH,0,80
770,S9D200-24K,0,80
771,S9D200-90CH,0,80
772,S9D200-90D,0,80
773,S9D200-90HH,0,80
774,"29D90-24GH",0,81
775,S9D120-24CH,0,81
776,S9D60-12CH,0,81
777,S9D90-12CH,0,81
778,S9D90-24CH,0,81
779,S9D90-24K,0,81
780,S9D90-90D,0,81
781,S9D90-90K,0,81
782,S9D120-90K(OA63),0,82
783,S9D300-24HH,0,82
784,S9D300-90HH,0,82
785,S9D80-90CH(OC85),0,82
786,S9D60-12CH,0,82
787,S9D60-90CH,0,82
788,S8D80-90AH(OA74),0,83
789,S8D80-90BH(OA72),0,83
790,S9D150-180CH(OA54),0,83
791,S9D300-180CH,0,83
792,S9D300-24D,0,83
793,S9D300-90K,0,83
794,S9D150-90CH,0,83
795,S9D40-12BH,0,84
796,S9D40-24BH,0,84
797,S9D40-90BH,0,84
798,S9D40-90D,0,85
799,S9D40-90GH,0,85
800,S9D60-12BH,0,85
801,S9D60-12CH,0,85
802,S9D60-12D,0,85
803,S9D60-24CH,0,85
804,S9D60-24CH(OC69),0,85
805,S9D60-24D,0,85
806,S9D60-24GH,0,85
807,S9D60-90D,0,85
808,S9D150-12CH,0,85
809,S9D150-12D,0,86
810,S9D150-12HH,0,86
811,S9D150-24CH,0,86
812,S9D150-24D,0,86
813,S9D150-24HH,0,86
814,S9D150-24K,0,86
815,S9D150-90CH,0,86
816,S9D150-90D,0,86
817,S9D150-90K,0,86
818,SPD150-24CH(OE04),0,86
819,S9D200-12CH,0,87
820,S9D200-12D,0,87
821,S9D200-24HH,0,87
822,S9D200-24K,0,87
823,S9D200-90CH,0,87
824,S9D200-90D,0,87
825,S9D200-90HH,0,87
826,S9D200-90K,0,87
827,S9D200-12HH,0,87
828,SUD06IB-V12,0,88
829,SUD06IC-V12,0,88
830,SUD06ID-V12,0,88
831,SUD15IB-V12,0,88
832,SUD25IB-V12,0,88
833,SUD25IC-V12,0,88
834,SUD25ID-V12,0,88
835,SUD25IX-V12,0,88
836,SUD40IB-V12,0,88
837,SUD40ID-V12,0,88
838,SUD715IB-V12,0,88
839,SUD715ID-V12,0,88
840,SUD715IX-V12,0,88
841,SUD90IA-V12,0,88
842,SUD90IB-V12,0,88
843,SUD90ID-V12,0,88
844,SBX-ENCR,0,89
845,SBA-IR,0,89
846,SBA-NCR,0,89
847,SBB-ENCR,0,89
848,SBB-IR,0,89
849,SBB-NCR,0,89
850,SBD-ENCR,0,89
851,SBD-IR,0,89
852,SBD-NCR,0,89
853,SBT-I,0,89
854,SBX-NCR,0,89
855,SSD01-SRSS,0,89
856,SSD02-SRSS,0,89
857,SSD03-SRSS,0,89
858,SSX01-SRSS,0,89
859,SSX02-SRSS,0,89
860,SSX3-SRSS,0,89
861,SSB02,0,90
862,SRA-02CE,0,90
863,SRA-03,0,90
864,SRB-01,0,90
865,SRB-02,0,90
866,SRB-02CE,0,90
867,SRC-01,0,90
868,SRD-01,0,90
869,SRD-02,0,90
870,SRD-02CE,0,90
871,SRE-02,0,90
872,SRX-01,0,90
873,SRX-01CE,0,90
874,SRX-02,0,90
875,SRX-02CE,0,90
876,SSA01-SRSS,0,90
877,SSA02-SRSS,0,90
878,SSA03-SRSS,0,90
879,SSB01-SRSS,0,90
880,SSB02-SRSS,0,90
881,SUA60IA-V12,0,91
882,SRB-02,0,91
883,SUA180IB-V12,0,91
884,SUA60IB-V12,0,91
885,SUA60ID-V12,0,91
886,SUA60IX-V12,0,91
887,SUA90IA-V12,0,91
888,SUA90IB-V12,0,91
889,SUA90IC-V12,0,91
890,SUA90ID-V12,0,91
891,SUA90IX-V12,0,91
892,SUA06IA-V12,0,92
893,SUA06IB-V12,0,92
894,SUA06IC-V12,0,92
895,SUA06ID-V12,0,92
896,SUA06IX-V12,0,92
897,SUA15IX-V12,0,92
898,SUA25IA-V12,0,92
899,SUA25IB-V12,0,92
900,SUA25IC-V12,0,92
901,SUA25ID-V12,0,92
902,SUA40IA-V12,0,92
903,SUA40IB-V12,0,92
904,SUA40IX-V12,0,92
905,SUA715IA-V12,0,92
906,SUA715IC-V12,0,92
907,SUA715ID-V12,0,92
908,SUA715IX-V12,0,92
909,SUD60IX-V12,0,93
910,SUD40IX-V12,0,93
911,HMS-200D,0,93
912,HMS-100D(90V),0,93
913,DC24C-24600,0,93
914,DC24C-24120,0,93
915,DC220C-90V(300W),0,93
916,DC220C-24V(T),0,93
917,DC220C-24V(50W),0,93
918,DC220C-180V(300W),0,93
919,DC220C-12V(30W),0,93
920,DC220-12V(T),0,93
921,DC12C-12300,0,93
922,SUD90IX-V12,0,94
923,S6I06GB-V12,0,94
924,S7I15GB-V12,0,94
925,S8I25GB-V12,0,94
926,SVR20KH,0,94
927,SDC01-90,0,95
928,AMS-KB-S,0,95
929,S9I40GBH-V12,0,95
930,S9I60GBH-V12,0,95
931,S9I180GB-V12,0,96
932,S9I90GBH-V12,0,96
933,S7I15DB-S24,0,97
934,S7I15GB-S12CE,0,97
935,S7I15GB-S24,0,97
936,S8I15GB-S12,0,97
937,S8I25DB-S12,0,97
938,S8I25DB-S24,0,97
939,S8I25DX-S12CE,0,97
940,S8I25DX-S24,0,97
941,S8I25GA-S12,0,97
942,S8I25GA-S24,0,97
943,S8I25GB-S12,0,97
944,S8I25GB-S12CE,0,97
945,S8I25GB-S24,0,97
946,S8I25GB-S24CE,0,97
947,S8I25GC-S12,0,97
948,S8I25GD-S12,0,97
949,S8I25GD-S12CE,0,97
950,S8I25GD-S24,0,97
951,S8I25GE-S12,0,97
952,S8I25GX-S12,0,97
953,S8I25GX-S12CE,0,97
954,S8I25GX-S24CE,0,97
955,S8I25KB-S24,0,97
956,S9I60GAH-S12,0,98
957,S9I60DB-S12,0,98
958,S9I60DB-S24,0,98
959,S9I60DX-S12,0,98
960,S9I60DX-S12CE,0,98
961,S9I60DX-S24,0,98
962,S9I60GBH-S12,0,98
963,S9I60GBH-S12CE,0,98
964,S9I60GBL-S12,0,98
965,S9I60GDH-S12,0,98
966,S9I60GXH-S12CE,0,98
967,S9I60GXH-S24,0,98
968,S9I60GXH-S24CE,0,98
969,S9I60GXL-S12,0,98
970,S9I60KB-S12CE,0,98
971,S9I60KB-S24,0,98
972,S9I60SB-S12,0,98
973,S6I06DA-S12,0,99
974,S6I06DB-S12,0,99
975,S6I06DX-S12,0,99
976,S6I06DX-S24,0,99
977,S6I06GA-S12,0,99
978,S6I06GA-S12CE,0,99
979,S6I06GB-S12,0,99
980,S6I06GB-S12CE,0,99
981,S6I06GB-S24,0,99
982,S6I06GB-S24CE,0,99
983,S6I06GC-S12,0,99
984,S6I06GC-S12CE,0,99
985,S6I06GD-S12,0,99
986,S6I06GD-S12CE,0,99
987,S6I06GD-S24,0,99
988,S6I06GX-S12CE,0,99
989,S6I06GX-S24,0,99
990,S7I15DB-S12,0,99
991,S7I15DX-S12CE,0,99
992,S7I15GA-S12,0,99
993,S7I15GB-S12,0,99
994,S7I15GD-S12,0,99
995,S7I15GE-S12,0,99
996,S7I15GX-S12CE,0,99
997,S9I40GBH-S12,0,100
998,S6I06GB-S12CE,0,100
999,S9I40DB-S12,0,100
1000,S9I40DB-S24,0,100
1001,S9I40DX-S12CE,0,100
1002,S9I40GAH-S12,0,100
1003,S9I40GBH-S12(T/P),0,100
1004,S9I40GBH-S24,0,100
1005,S9I40GBL-S12,0,100
1006,S9I40GBL-S24(T/P),0,100
1007,S9I40GCL-S12,0,100
1008,S9I40GDH-S12,0,100
1009,S9I40GDH-S24CE,0,100
1010,S9I40GXH-S12,0,100
1011,S9I40GXH-S12CE,0,100
1012,S9I40GXH-S24,0,100
1013,S9I40KB-S12,0,100
1014,S9I90DB-S12,0,101
1015,S9I90DB-S12CE,0,101
1016,S9I90DB-S12CE,0,101
1017,S9I90DB-S24,0,101
1018,S9I90DX-S12CE,0,101
1019,S9I90GAH-S12,0,101
1020,S9I90GAL-S12,0,101
1021,S9I90GBH-S12,0,101
1022,S9I90GBH-S12CE,0,101
1023,S9I90GBH-S24,0,101
1024,S9I90GDH-S12,0,101
1025,S9I90GDH-S12CE,0,101
1026,S9I90GEH-S12,0,101
1027,S9I90GXH-S12CE,0,101
1028,S9I90GXH-S24,0,101
1029,S9I90GXH-S24CE,0,101
1030,S9I90GXL-S12,0,101
1031,S9I90KB-S12,0,101
1032,S9I90KB-S12CE,0,101
1033,S9I90KX-S12CE,0,101
1034,S9I90MB-S12,0,101
1035,S9I90WB-S12,0,101
1036,S6R06DB-S12,0,102
1037,S6R06GA-S24,0,102
1038,S6R06GB-S12,0,102
1039,S6R06GB-S12CE,0,102
1040,S6R06GB-S24,0,102
1041,S6R06GD-S12,0,102
1042,S6R06GD-S24,0,102
1043,S6R06GX-S12CE,0,102
1044,S6R06GX-S24CE,0,102
1045,S8R15GX-S12,0,103
1046,S8R15GB-S12,0,103
1047,S8R25DB-S12,0,103
1048,S8R25DB-S12,0,103
1049,S8R25GA-S12,0,103
1050,S8R25GA-S24,0,103
1051,S8R25GB-S12,0,103
1052,S8R25GB-S12CE,0,103
1053,S8R25GB-S24,0,103
1054,S8R25GD-S12,0,103
1055,S8R25GX-S12CE,0,103
1056,S8R25KB-S12,0,103
1057,S7R15GA-S12,0,104
1058,S7R15DGD-S24,0,104
1059,S7R15DX-S12,0,104
1060,S7R15GB-S12,0,104
1061,S7R15GB-S12(T/P),0,104
1062,S7R15GB-S12CE,0,104
1063,S7R15GB-S24,0,104
1064,S7R15GB-S24CE,0,104
1065,S7R15GD-S12,0,104
1066,S7R15GX-S12CE,0,104
1067,S7R15GX-S24,0,104
1068,S9R40GAH-S12,0,105
1069,S9R40DB-S12,0,105
1070,S9R40GBH-S12,0,105
1071,S9R40GDH-S12,0,105
1072,S9R40KB-S12,0,105
1073,S9R60DB-S12,0,105
1074,S9R60DB-S24,0,105
1075,S9R60GBH-S12,0,105
1076,S9R60KB-S12,0,105
1077,S9R90GBH-S12,0,106
1078,S9R90DB-S12,0,106
1079,S9R90DB-S12,0,106
1080,S9R90GBH-S24,0,106
1081,S9R90GBL-S12,0,106
1082,S9R90KB-S12,0,106
1083,S8I25DT-E,0,107
1084,S8I25GS-ECE,0,107
1085,S8I25GT-E,0,107
1086,S8I25GT-ECE,0,107
1087,S9I40GSH-ECE,0,107
1088,S9I40GTH-E,0,107
1089,S9I40GTH-ECE,0,107
1090,S9I40GUL-E,0,107
1091,S9I60DT-E,0,107
1092,S9I60GSH-ECE,0,107
1093,S9I60GSL-E,0,107
1094,S9I60GTH-E,0,107
1095,S9I60GTH-ECE,0,107
1096,S9I60KT-ECE,0,107
1097,S9I60KT-ECE,0,107
1098,S9I60ST-E,0,107
1099,S9I90GTH-E,0,107
1100,S9I150DS-E,0,108
1101,S9I150DS-ECE,0,108
1102,S9I150DT-E,0,108
1103,S9I150GS-ECE,0,108
1104,S9I150GT-E,0,108
1105,S9I150GT-ECE,0,108
1106,S9I150KS-ECE,0,108
1107,S9I150KT-E,0,108
1108,S9I40DS-ECE,0,108
1109,S9I90DS-E,0,108
1110,S9I90DS-ECE,0,108
1111,S9I90GSH-ECE,0,108
1112,S9I90GTH-E,0,108
1113,S9I90GTH-ECE,0,108
1114,S9I90KS-E,0,108
1115,S9I90KS-ECE,0,108
1116,S9I90KT-E,0,108
1117,S9I90KT-ECE,0,108
1118,S9I90MS-ECE,0,108
1119,S9I90MS-ECE,0,108
1120,S9I90MT-E,0,108
1121,S9I90SS-ECE,0,108
1122,S9I150GS-ECE,0,109
1123,S9I180DS-ECE,0,109
1124,S9I180DT-ECE,0,109
1125,S9I180GS-ECE,0,109
1126,S9I180GT-ECE,0,109
1127,S9I180KS-ECE,0,109
1128,S9I180KT-ECE,0,109
1129,S9I180MS-ECE,0,109
1130,S9I180MS-ECE,0,109
1131,S9I200DT-E,0,109
1132,S9I200GT-E,0,109
1133,S9I200GU-E,0,109
1134,S9I200KS-E,0,109
1135,S9I200KT-E,0,109
1136,S9I200MS-E,0,109
1137,S9I200MT-E,0,109
1138,S9I200DS,0,109
1139,S9I200GS-E,0,109
1140,S6I06GT,0,110
1141,S7I15GT,0,110
1142,S8I25DSCE,0,110
1143,S8I25DT,0,110
1144,S8I25DTCE,0,110
1145,S8I25GSCE,0,110
1146,S8I25GTCE,0,110
1147,S8I25GU,0,110
1148,S8I25GUCE,0,110
1149,S8I25KT,0,110
1150,S8I25KTCE,0,110
1151,S8I25ST,0,110
1152,S9I40DS,0,110
1153,S9I40GUH,0,110
1154,S9I40GUL,0,110
1155,S9I40DSCE,0,111
1156,S9I40DTCE,0,111
1157,S9I40GSHCE,0,111
1158,S9I40GTH,0,111
1159,S9I40GTHCE,0,111
1160,S9I40KSCE,0,111
1161,S9I60DSCE,0,111
1162,S9I60DT,0,111
1163,S9I60GSHCE,0,111
1164,S9I60GTH,0,111
1165,S9I60GTH(T/P),0,111
1166,S9I60GTHCE,0,111
1167,S9I60GUH,0,111
1168,S9I60GUHCE,0,111
1169,S9I60GUL,0,111
1170,S9I60KSCE,0,111
1171,S9I60KSCE,0,111
1172,S9I60KTCE,0,111
1173,S9I60MSCE,0,111
1174,S9I60MT,0,111
1175,S9I60MTCE,0,111
1176,S9I90DT,0,111
1177,S9I90DTCE,0,111
1178,S9I90GUL,0,111
1179,S9I90KT,0,111
1180,S9I90KT,0,111
1181,S9I90KTCE,0,111
1182,S9I90MT,0,111
1183,S9I90ST,0,111
1184,S9I90WT,0,112
1185,S9I150DSCE,0,112
1186,S9I150DTCE,0,112
1187,S9I150DTCE,0,112
1188,S9I150GSCE,0,112
1189,S9I150GT,0,112
1190,S9I150GTCE,0,112
1191,S9I150GTCE,0,112
1192,S9I200GU,0,112
1193,S9I150GUCE,0,112
1194,S9I150KSCE,0,112
1195,S9I150KT,0,112
1196,S9I150KTCE,0,112
1197,S9I150MSCE,0,112
1198,S9I150MT,0,112
1199,S9I150MTCE,0,112
1200,S9I150STCE,0,112
1201,S9I150WT,0,112
1202,S9I180GSCE,0,112
1203,S9I180KSCE,0,112
1204,S9I180KTCE,0,112
1205,S9I180MSCE,0,112
1206,S9I90DSCE,0,112
1207,S9I90GTHCE,0,112
1208,S9I90GUHCE,0,112
1209,S9I90MSCE,0,112
1210,S9I90WS,0,112
1211,S9I90WSCE,0,113
1212,S9I9KSCE,0,113
1213,S9I150DTCE,0,113
1214,S9I150GSCE,0,113
1215,S9I150GTCE,0,113
1216,S9I150KT,0,113
1217,S9I180DSCE,0,113
1218,S9I180DTCE,0,113
1219,S9I180GTCE,0,113
1220,S9I180KSCE,0,113
1221,S9I200DT,0,113
1222,S9I200DT,0,113
1223,S9I200DUCE,0,113
1224,S9I200DUCE,0,113
1225,S9I200DUCE,0,113
1226,S9I200GS,0,113
1227,S9I200GT,0,113
1228,S9I200KS,0,113
1229,S9I200KT,0,113
1230,S9I200MT,0,113
1231,S9I200MTCE,0,113
1232,S9I40GSLCE,0,113
1233,S9I60GTHCE,0,113
1234,S9I60KT,0,113
1235,S9I60MT,0,113
1236,S9I90DSCE,0,113
1237,S9I90KT,0,113
1238,S9I90MSCE,0,113
1239,S9I90MT,0,113
1240,S9I90MT,0,113
1241,S9I90MTCE,0,113
1242,S9I90WSCE,0,113
1243,S6R06DB-E,0,114
1244,S6R06GA-E,0,114
1245,S6R06GB-E,0,114
1246,S6R06GB-ECE,0,114
1247,S6R06GD-E,0,114
1248,S6R06GD-ECE,0,114
1249,S6R06GX-ECE,0,114
1250,S7R15DB-E,0,114
1251,S7R15GA-E,0,114
1252,S7R15GB-E,0,114
1253,S7R15GB-E(T/P),0,114
1254,S7R15GB-ECE,0,114
1255,S7R15GD-E,0,114
1256,S7R15GX-ECE,0,114
1257,S8R15GB-E,0,114
1258,S8R15GX-ECE,0,114
1259,S8R25DA-E(T/P),0,114
1260,S8R25DB-E,0,114
1261,S8R25GA-E,0,114
1262,S8R25GA-E(T/P),0,114
1263,S8R25GB-E,0,114
1264,S8R25GD-E,0,114
1265,S8R25KB-E,0,114
1266,S8R25GA-ECE,0,115
1267,S8R25GB-ECE,0,115
1268,S8R25GD-ECE,0,115
1269,S8R25GX-ECE,0,115
1270,S9R40DB-E,0,115
1271,S9R40GAH-E,0,115
1272,S9R40GAL-E,0,115
1273,S9R40GBH-E,0,115
1274,S9R40GBH-E(T/P),0,115
1275,S9R40GBH-ECE,0,115
1276,S9R40GDH-E,0,115
1277,S9R40GXH-E,0,115
1278,S9R40GXH-ECE,0,115
1279,S9R40GXL-E,0,115
1280,S9R40KB-E,0,115
1281,S6R06DB-ES12,0,116
1282,S6R06GA-ES12,0,116
1283,S6R06GB-ES12 ,0,116
1284,S6R06GB-ES12CE,0,116
1285,S6R06GB-ES24,0,116
1286,S6R06GD-ES12,0,116
1287,S6R06GD-ES24,0,116
1288,S6R06GX-ES12CE,0,116
1289,S6R06GX-ES24CE,0,116
1290,S7R15GB-ES12,0,116
1291,S7R15GB-ES12CE,0,116
1292,S7R15GB-ES24,0,116
1293,S7R15GD-ES24,0,116
1294,S7R15GX-ES12,0,116
1295,S7R15GX-ES12CE,0,116
1296,S8R25GB-ES12CE,0,116
1297,S8R15GB-ES24,0,117
1298,S8R25DB-ES12,0,117
1299,S8R25GA-ES12,0,117
1300,S8R25GA-ES12(T/P),0,117
1301,S8R25GA-ES24,0,117
1302,S8R25GB-ES12(T/P),0,117
1303,S8R25GB-ES12CE,0,117
1304,S8R25GD-ES12,0,117
1305,S8R25GD-ES24,0,117
1306,S8R25GX-ES12CE,0,117
1307,S8R25GX-ES24CE,0,117
1308,S9R40GAH-ES12,0,117
1309,S9R40GBH-ES12,0,117
1310,S9R40GBH-ES24(T/P),0,117
1311,S9R40GBL-ES12,0,117
1312,S9R40GDH-ES12,0,117
1313,S9R40GXH-ES24,0,117
1314,S8R25GB-ES12CE,0,118
1315,S8R25GX-ES12CE,0,118
1316,S8R25GX-ES24CE,0,118
1317,S9R40GBH-ES24,0,118
1318,S9R60DB-ES12,0,118
1319,S9R60GBH-ES12,0,118
1320,S9R60GBH-ES24,0,118
1321,S9R60GBL-ES12,0,118
1322,S9R60GDH-ES12,0,118
1323,S9R60GXH-ES12CE,0,118
1324,S9R60KB-ES12,0,118
1325,S9R90GAH-ES12,0,118
1326,S9R90GBH-ES12CE,0,118
1327,S9R90GDH-ES12,0,118
1328,S9R90GXH-ES12CE,0,118
1329,S9R90KB-ES12,0,118
1330,S9R90KX-ES12CE,0,118
1331,S9R90MB-ES12,0,118
1332,S6I06DB,0,119
1333,S6I06GBCE,0,119
1334,S6I06GC,0,119
1335,S6I06DD,0,119
1336,S6I06GCCE,0,119
1337,S6I06GXCE,0,119
1338,S6I06DXCE,0,119
1339,S6I06GACE,0,119
1340,S6I06GDCE,0,119
1341,S6I06GECE,0,119
1342,S6I06DA,0,119
1343,S6I06GD,0,119
1344,S7I15GBC,0,119
1345,S7I15GXCE,0,119
1346,S7I15GD,0,119
1347,S7I15GB ,0,119
1348,S7I15DXCE,0,119
1349,S7I06GB(T/P),0,119
1350,S7I15GECE,0,119
1351,S7I15GACE,0,119
1352,S7I15DE,0,119
1353,S7I15DA,0,119
1354,S7I15GE ,0,119
1355,S7I15DB,0,119
1356,S7I15GC,0,119
1357,S7I15GBCE,0,119
1358,S6I06GBCE,0,120
1359,S7I15GDCE,0,120
1360,S9I90DB-A32,0,120
1361,S9I90DT-A33,0,120
1362,S8I25GA,0,121
1363,S8I25GXCE,0,121
1364,S8I15GB,0,121
1365,S8I25DXCE,0,121
1366,S8I25GDCE,0,121
1367,S8I25GDCE,0,121
1368,S8I25DECE,0,121
1369,S8I25DD,0,121
1370,S8I25GACE,0,121
1371,S8I25DB,0,121
1372,S8I25DA,0,121
1373,S8I25GECE,0,121
1374,S8I25GECE,0,121
1375,S8I25SX,0,121
1376,S8I25GB-B,0,121
1377,S8I25GB(T/P),0,121
1378,S8I25DBCE,0,121
1379,S8I25DECE,0,121
1380,S8I15GXCE,0,121
1381,S8I15GB(T/P),0,121
1382,S8I15GBCE,0,121
1383,S7I15GB,0,122
1384,S8I25GB,0,122
1385,S6R06GB,0,123
1386,S6R06GBCE,0,123
1387,S6R06GC,0,123
1388,S6R06GXCE,0,123
1389,S6R06DE,0,123
1390,S6R06DC,0,123
1391,S6R06GD,0,123
1392,S6R06DB,0,123
1393,S6R06DA,0,123
1394,S6R06GA,0,123
1395,S6R06GACE,0,123
1396,S6R06DECE,0,123
1397,S7R15DB,0,123
1398,S7R15GXCE,0,123
1399,S7R15GB,0,123
1400,S7R15GA,0,123
1401,S7R15GD,0,123
1402,S7R15GBCE,0,123
1403,S7R15DB,0,123
1404,S7R15GECE,0,123
1405,S7R15GB(T/P),0,123
1406,S7R15GDCE,0,123
1407,S7R15GC,0,123
1408,S7R15GXCE,0,123
1409,S7R15DB,0,123
1410,S8R25GC,0,124
1411,S8R25GXCE,0,124
1412,S8R25GBCE,0,124
1413,S8R25GA,0,124
1414,S8R25DA,0,124
1415,S8R25GDCE,0,124
1416,S8R25GD,0,124
1417,S8R25DB,0,124
1418,S8R25KB,0,124
1419,S8R15GX,0,124
1420,S8R25GECE,0,124
1421,S8R15GB(T/P),0,124
1422,S8R15GXCE,0,124
1423,S9R40GBH,0,124
1424,S9R40DXCE,0,124
1425,S9R40GEL,0,124
1426,S9R40GAL,0,124
1427,S9R40KB,0,124
1428,S9R40MB,0,124
1429,S9R40GXHCE,0,124
1430,S9R40GBH(T/P),0,124
1431,S9R40GXLCE,0,124
1432,S9R40DB(T/P),0,124
1433,S9R40DB ,0,124
1434,S9R40GEH,0,124
1435,S9R40GCL,0,124
1436,S9R40GAH,0,124
1437,S9R40GBHCE,0,124
1438,S9R60GCL,0,125
1439,S9R60GBH(T/P),0,125
1440,S9R60GXHCE,0,125
1441,S9R60GAH,0,125
1442,S9R60GBHCE,0,125
1443,S9R60DB,0,125
1444,S9R60GEH,0,125
1445,S9R60GDHCE,0,125
1446,S9R60GBH,0,125
1447,S9R60GDH ,0,125
1448,S9R60GCH,0,125
1449,S9R60DXCE,0,125
1450,S9R60KB,0,125
1451,S9R90GDH,0,125
1452,S9R90KB,0,125
1453,S9R90GAH,0,125
1454,S9R90GXHCE,0,125
1455,S9R90GCH,0,125
1456,S9R90KXCE,0,125
1457,S9R90DB,0,125
1458,S9R90DXCE,0,125
1459,S9R90KBCE,0,125
1460,S9R90GBHCE,0,125
1461,S9R90GBH ,0,125
1462,S9R90GDL,0,125
1463,S9R90GAL,0,125
1464,S9R90WB(T/P),0,125
1465,S8R25GB(T/P),0,126
1466,S8R25GB(T/P),0,126
1467,S6R06GB,0,126
1468,S9I40GBH,0,127
1469,S9I40DACE,0,127
1470,S9I40DB,0,127
1471,S9I40DB(T/P),0,127
1472,S9I40DBCE,0,127
1473,S9I40DX ,0,127
1474,S9I40DXCE,0,127
1475,S9I40GAH(T/P),0,127
1476,S9I40GAHCE,0,127
1477,S9I40GBHCE,0,127
1478,S9I40GBL(T/P),0,127
1479,S9I40GCH,0,127
1480,S9I40GCL,0,127
1481,S9I40GDH,0,127
1482,S9I40GDLCE,0,127
1483,S9I40GXHCE,0,127
1484,S9I40KB,0,127
1485,S9I40KB,0,127
1486,S9I40KD,0,127
1487,S9I40MB,0,127
1488,S9I40SB,0,127
1489,S9I60GXH,0,128
1490,S9I40GAH,0,128
1491,S9I40GDH,0,128
1492,S9I40GXHCE,0,128
1493,S9I60DA,0,128
1494,S9I60DB ,0,128
1495,S9I60DBCE,0,128
1496,S9I60DBCE,0,128
1497,S9I60DXCE,0,128
1498,S9I60GAH,0,128
1499,S9I60GAH,0,128
1500,S9I60GAL,0,128
1501,S9I60GBH,0,128
1502,S9I60GBL(T/P),0,128
1503,S9I60GDH,0,128
1504,S9I60GEH,0,128
1505,S9I60GXH,0,128
1506,S9I60GXHCE,0,128
1507,S9I60KB,0,128
1508,S9I60KXCE,0,128
1509,S9I60MB,0,128
1510,S9I60MXCE,0,128
1511,S9I90GBH,0,129
1512,S9I120DB,0,129
1513,S9I120GA,0,129
1514,S9I120GB(T/P),0,129
1515,S9I120GBCE,0,129
1516,S9I120GDCE,0,129
1517,S9I120KA,0,129
1518,S9I120KB,0,129
1519,S9I120MB,0,129
1520,S9I90DB,0,129
1521,S9I90DBCE,0,129
1522,S9I90DE ,0,129
1523,S9I90DECE,0,129
1524,S9I90DXCE,0,129
1525,S9I90GAH,0,129
1526,S9I90GAHCE,0,129
1527,S9I90GBH(T/P),0,129
1528,S9I90GBHCE,0,129
1529,S9I90GDH,0,129
1530,S9I90GEH ,0,129
1531,S9I90GEHCE,0,129
1532,S9I90GXHCE,0,129
1533,S9I90GXL ,0,129
1534,S9I90GXLCE,0,129
1535,S9I90KB,0,129
1536,S9I90KDCE,0,129
1537,S9I90KXCE,0,129
1538,S9I90MB,0,129
1539,S9I180GB,0,130
1540,S9I180DA,0,130
1541,S9I180DB,0,130
1542,S9I180GA,0,130
1543,S9I180GACE,0,130
1544,S9I180GB(T/P),0,130
1545,S9I180GD,0,130
1546,S9I180KD,0,130
1547,S9I180MB,0,130
1548,S9I180MBCE,0,130
1549,S9I180WB,0,130
1550,PMCB040-4R4FBT,0,136
1551,PMCB040-4R4LBT,0,136
1552,PPEJ075-4R4LBT,0,137
1553,PMCB040-4U6FBT,0,138
1554,PMCB040-4R4LBT,0,138
1555,PEEJ075-4U6FBT,0,138
1556,PGGJ150-4U6FBT,0,138
1557,PPEJ075-4R4FBT,0,138
1558,PPEJ075-4R4LBT,0,138
1559,PPHQ220-4R4FBT,0,139
1560,PGHN220-4R4LBT,0,139
1561,PMAB020-4R4FBT,0,140
1562,PMAB020-4R4LBT,0,140
1563,PPEJ075-4R4LBT,0,141
1564,PAF18-5-MA020R4R,0,142
1565,PAF22-5-MB040R4L,0,142
1566,PAL18-10-MA020X6L,0,142
1567,PAL18-20-MA020R4R,0,142
1568,PAL22-60-MA020R4,0,142
1569,PEEJ075-4R4LBT,0,142
1570,PMAB020-4U6LBT,0,142
1571,PMCB040-4U6FBT,0,142
1572,PMEE075-4R4LA,0,142
1573,PPGN150-4R4FBT,0,142
1574,PPGN150-4U6FBT,0,142
1575,PMK105-10-MA040RAL,0,142
1576,PML105-5-PB075R4L,0,142
1577,PEHN220-4R4LBT,0,143
1578,PPHQ220-4R4FBT,0,143
1579,PAL18-5-MA020R4L,0,132
1580,PAL32-60-MA075R4,0,132
1581,PEEJ075-4U6FBT,0,132
1582,PEEJ075-4U6LBT,0,132
1583,PEEJ150-4U6FBT,0,132
1584,PEGJ150-4U6LBT,0,132
1585,PML105-30-MB040R4L,0,132
1586,PPGN150-4U6FBT,0,132
1587,PMCB040-4U6LBT,0,133
1588,TS17-0073,0,133
1589,TS09-0417,0,133
1590,PAL18-5-MA020R4L,0,134
1591,PAL28-25-EA075R4L,0,134
1592,PAL32-60-MA075R4L,0,134
1593,PEHN220-4U6LBT,0,134
1594,PGGK150-4U6FBT,0,134
1595,PMCB040-4U6LBT,0,134
1596,PML153-30-PB075R4L B/K,0,134
1597,PPEJ075-4R4LBT,0,134
1598,PPGN150-4U6FBT,0,134
1599,PAL40-100-MA075R4,0,135
1600,PEHN220-4U6FBT,0,135
1601,PEHN220-4U6LBT,0,135
1602,S9I60GDH,0,131
1603,S9I90GXHCE,0,131
1604,S9I120GB,0,131
1605,S9I150DBCE,0,131
1606,SUA06IB-V122,0,2
1607,SUA06KA-V12,0,2
1608,SUA180IB-V12,0,2
1609,SUA25IA-V12,0,2
1610,SUA25IB-V12,0,2
1611,SUA25IC-V12,0,2
1612,SUA40IB-V12,0,2
1613,SUA40IC-V12,0,2
1614,SUA40IX-V12,0,2
1615,SUA60IA-V12,0,2
1616,SUA60IB-V12,0,2
1617,SUA60IX-V12,0,2
1618,SUA715IA-V12,0,2
1619,SUA715IB-V12,0,2
1620,SUA715IX-V12,0,2
1621,SUA90IA-V12,0,2
1622,SUA90IB-V12,0,2
1623,SUA90IX-V12,0,2
1624,SUC90IB-V12,0,2
1625,SUA06ID-V12,0,4
1626,SUA06IX-V12,0,4
1627,SUA15IX-V12,0,4
1628,SUA25ID-V12,0,4
1629,SUA25IX-V12,0,4
1630,SUA40ID-V12,0,4
1631,SUA40IX-V12,0,4
1632,SUA60ID-V12,0,4
1633,SUA715ID-V12,0,4
1634,SUA90ID-V12,0,4
1635,SUA90IX-V12,0,4
1636,SUA90IX-V12,0,4
1637,SUC06IB-V12,0,4
1638,SUC40IB-V12,0,4
1639,SUD06ID-V12,0,4
1640,SUD40IB-V12,0,4
1641,SUD40ID-V12,0,4
1642,SUD40IX-V12,0,4
1643,SUD60IB-V12,0,4
1644,SUD60ID-V12,0,4
1645,SUD60IX-V12,0,4
1646,SUD715ID-V12,0,4
1647,SUD715IX-V12,0,4
1648,SUD90IB-V12,0,4
1649,SUD90ID-V12,0,4
1650,SRA-02,0,3
1651,SBA-IR,0,3
1652,SBB-ENCR,0,3
1653,SBB-IR,0,3
1654,SBB-NCR,0,3
1655,SBC-NCR,0,3
1656,SBT-I,0,3
1657,SBU-I,0,3
1658,SBX-ENCR,0,3
1659,SBX-NCR,0,3
1660,SDC01-90,0,3
1661,SID 250,0,3
1662,SRA-02CE,0,3
1663,SRB-01,0,3
1664,SRB-01CE,0,3
1665,SRB-02,0,3
1666,SRD-01,0,3
1667,SRD-02,0,3
1668,SRX-01,0,3
1669,SRX-01CE,0,3
1670,SRX-02,0,3
1671,SRX-02CE,0,3
1672,SSB01-SRSS,0,3
1673,SSB02-SRSS,0,3
1674,SSB03-SRSS,0,3
1675,SSD01-SRSS,0,3
1676,SSD03-SRSS,0,3
